City_ID,City,Country,Max Temp,Current Description,Lat,Lng,Hotel Name
0,Port-Gentil,GA,78.76,few clouds,-0.7193,8.7815,Fengshui Residence
1,Axim,GH,75.58,overcast clouds,4.8699,-2.2405,AXIM BEACH RESORT AND SPA
2,Cape Coast,GH,78.33,light rain,5.1053,-1.2466,Samrit Hotel
3,Harper,LR,75.27,moderate rain,4.375,-7.7169,Screensaver
4,Abonnema,NG,75.06,overcast clouds,4.7084,6.7931,Corper's Lodge Obonoma
6,Mbini,GQ,76.86,overcast clouds,1.574,9.6134,
8,Luba,GQ,78.69,overcast clouds,3.4568,8.5547,
10,Takoradi,GH,76.96,overcast clouds,4.8845,-1.7554,Raybow International Hotel
13,Limbe,CM,78.04,overcast clouds,4.0242,9.2149,The LK Hotel at Bonadikombo
14,Mumford,GH,78.87,broken clouds,5.2618,-0.759,Spanish Villa
15,Winneba,GH,79.27,broken clouds,5.3511,-0.6231,Windy Lodge & Beach Resort
16,Cotonou,BJ,80.58,few clouds,6.3654,2.4183,Novotel Cotonou Orisha
17,Anloga,GH,80.82,broken clouds,5.7947,0.8973,Pin Drop Hotel
18,Cocobeach,GA,77.79,overcast clouds,1.0002,9.5823,Hotel Esperance
19,Buchanan,LR,78.76,light rain,5.8808,-10.0467,Kamaneahn Hotel Inc
20,Bonoua,CI,78.42,overcast clouds,5.2741,-3.595,Hotel Bon Samaritian
22,Idenao,CM,78.24,overcast clouds,4.2475,9.0047,Moland Beach Resort
23,Georgetown,MY,80.89,few clouds,5.4112,100.3354,Cititel Penang
26,Ntoum,GA,75.38,overcast clouds,0.3833,9.7833,Hôtel Santa Barbara
27,Jacqueville,CI,78.71,overcast clouds,5.2052,-4.4146,Hotel Le Martin Pecheur
28,Bugama,NG,75.18,overcast clouds,4.7341,6.8635,Johnbull polo
35,Adiake,CI,78.39,overcast clouds,5.2863,-3.304,Monhotel résidence Inn Adiake
36,Oron,NG,75.47,overcast clouds,4.8256,8.2343,Aqua Belloni Lodge
38,Kribi,CM,76.96,overcast clouds,2.95,9.9167,Les Vagues bleues
39,Libreville,GA,76.93,overcast clouds,0.3925,9.4537,Hotel Re-Ndama
42,Teshie,GH,79.36,few clouds,5.5836,-0.1072,Adinkra Lodge
43,Abidjan,CI,78.76,few clouds,5.3094,-4.0197,ibis Abidjan Plateau
45,Sekondi,GH,76.6,overcast clouds,4.937,-1.7128,Mapees Guest House
47,Tema,GH,79.21,few clouds,5.667,-0.0166,Beulah Royale
48,Okrika,NG,75.38,overcast clouds,4.7416,7.0849,ayo mutiaru f
49,Nkan,GA,75.38,overcast clouds,0.3833,9.7833,Hôtel Santa Barbara
50,Malabo,GQ,78.66,scattered clouds,3.75,8.7833,Hostal Residencia Morenita
53,Port Harcourt,NG,75.09,overcast clouds,4.7774,7.0134,The Riviera Homes Golf Resort
56,Bata,GQ,77.11,light rain,1.8639,9.7658,Hotel Elik Melen
