,City,Country,Lat,Lng,Max Temp,Humidity,Cloudiness,Wind Speed,Current Description
0,Port-Gentil,GA,-0.7193,8.7815,78.76,83,20,6.91,few clouds
1,Axim,GH,4.8699,-2.2405,75.58,90,100,6.96,overcast clouds
2,Cape Coast,GH,5.1053,-1.2466,78.33,84,100,7.34,light rain
3,Harper,LR,4.375,-7.7169,75.27,93,100,8.79,moderate rain
4,Abonnema,NG,4.7084,6.7931,75.06,90,97,1.86,overcast clouds
5,Tabou,CI,4.423,-7.3528,74.82,93,100,8.63,moderate rain
6,Mbini,GQ,1.574,9.6134,76.86,87,100,8.88,overcast clouds
7,Yenagoa,NG,4.9247,6.2642,74.01,93,93,2.82,overcast clouds
8,Luba,GQ,3.4568,8.5547,78.69,84,100,5.97,overcast clouds
9,Gamba,GA,-2.65,10.0,72.84,88,100,4.52,overcast clouds
10,Takoradi,GH,4.8845,-1.7554,76.96,86,96,7.56,overcast clouds
11,Omboue,GA,-1.5746,9.2618,73.36,90,96,6.24,overcast clouds
12,San-Pedro,CI,4.7485,-6.6363,74.95,93,100,7.47,moderate rain
13,Limbe,CM,4.0242,9.2149,78.04,84,100,4.72,overcast clouds
14,Mumford,GH,5.2618,-0.759,78.87,83,74,7.58,broken clouds
15,Winneba,GH,5.3511,-0.6231,79.27,85,70,7.38,broken clouds
16,Cotonou,BJ,6.3654,2.4183,80.58,83,20,4.61,few clouds
17,Anloga,GH,5.7947,0.8973,80.82,77,81,5.73,broken clouds
18,Cocobeach,GA,1.0002,9.5823,77.79,83,100,6.87,overcast clouds
19,Buchanan,LR,5.8808,-10.0467,78.76,84,100,7.47,light rain
20,Bonoua,CI,5.2741,-3.595,78.42,93,99,6.8,overcast clouds
21,Epe,NG,6.5841,3.9834,74.61,86,72,1.72,broken clouds
22,Idenao,CM,4.2475,9.0047,78.24,91,100,2.39,overcast clouds
23,Georgetown,MY,5.4112,100.3354,80.89,91,20,1.99,few clouds
24,Yabassi,CM,4.457,9.9682,71.24,97,100,1.79,overcast clouds
25,Warri,NG,5.5167,5.75,74.52,91,99,1.81,overcast clouds
26,Ntoum,GA,0.3833,9.7833,75.38,91,100,3.06,overcast clouds
27,Jacqueville,CI,5.2052,-4.4146,78.71,91,100,15.12,overcast clouds
28,Bugama,NG,4.7341,6.8635,75.18,90,99,1.48,overcast clouds
29,Grand-Lahou,CI,5.1367,-5.0242,74.01,95,100,9.19,light rain
30,Kumba,CM,4.6363,9.4469,71.85,97,100,2.3,overcast clouds
31,Lambarene,GA,-0.7001,10.2406,74.52,91,100,3.71,overcast clouds
32,Mayumba,GA,-3.432,10.6554,73.11,90,95,3.09,overcast clouds
33,Tiko,CM,4.0745,9.3699,71.44,88,100,3.76,overcast clouds
34,Lagos,NG,6.5833,3.75,73.89,89,85,2.66,overcast clouds
35,Adiake,CI,5.2863,-3.304,78.39,91,99,8.28,overcast clouds
36,Oron,NG,4.8256,8.2343,75.47,91,100,1.83,overcast clouds
37,Sassandra,CI,4.95,-6.0833,74.17,94,100,6.15,moderate rain
38,Kribi,CM,2.95,9.9167,76.96,89,100,6.87,overcast clouds
39,Libreville,GA,0.3925,9.4537,76.93,86,99,8.1,overcast clouds
40,Tsogni,GA,-2.7942,10.0988,72.32,89,98,3.76,overcast clouds
41,Douala,CM,4.0483,9.7043,71.51,100,40,4.61,scattered clouds
42,Teshie,GH,5.5836,-0.1072,79.36,89,20,3.44,few clouds
43,Abidjan,CI,5.3094,-4.0197,78.76,89,20,11.5,few clouds
44,Dibombari,CM,4.1787,9.6561,71.04,92,100,2.44,overcast clouds
45,Sekondi,GH,4.937,-1.7128,76.6,87,98,6.78,overcast clouds
46,Loum,CM,4.7182,9.7351,72.57,97,100,0.96,overcast clouds
47,Tema,GH,5.667,-0.0166,79.21,89,20,3.44,few clouds
48,Okrika,NG,4.7416,7.0849,75.38,89,100,1.16,overcast clouds
49,Nkan,GA,0.3833,9.7833,75.38,91,100,3.06,overcast clouds
50,Malabo,GQ,3.75,8.7833,78.66,94,40,0.0,scattered clouds
51,Calabar,NG,4.9517,8.322,74.35,94,100,0.74,overcast clouds
52,Muyuka,CM,4.2898,9.4103,71.2,96,100,1.9,overcast clouds
53,Port Harcourt,NG,4.7774,7.0134,75.09,89,98,0.78,overcast clouds
54,Uyo,NG,5.0333,7.9266,73.51,95,100,0.54,overcast clouds
55,Mutengene,CM,4.0913,9.3144,68.92,89,100,3.51,overcast clouds
56,Bata,GQ,1.8639,9.7658,77.11,88,100,9.84,light rain
57,Kango,GA,0.1943,10.0951,74.05,96,99,1.95,overcast clouds
